<?xml version="1.0" encoding="UTF-8"?><metadata>
    <idinfo>
        <citation>
            <citeinfo>
                <title>California State Boundary</title>
                <geoform>vector digital data</geoform>
            </citeinfo>
        </citation>
        <descript>
            <abstract>The state boundary for California is derived from the US Census Bureau's 2018 TIGER/Line database </abstract>
            <purpose>California state boundary for 2018</purpose>
        </descript>
        <spdom>
            <bounding>
                <westbc>-124.513643</westbc>
                <eastbc>-113.498407</eastbc>
                <northbc>42.068697</northbc>
                <southbc>32.423601</southbc>
            </bounding>
        </spdom>
        <keywords>
            <theme>
                <themekt>None</themekt>
                <themekey>reference</themekey>
            </theme>
        </keywords>
        <accconst>None</accconst>
        <useconst>None</useconst>
        <native> Version 6.2 (Build 9200) ; Esri ArcGIS 10.6.0.8321</native>
    </idinfo>
    <spdoinfo>
        <direct>Vector</direct>
        <ptvctinf>
            <sdtsterm>
                <sdtstype>GT-polygon composed of chains</sdtstype>
                <ptvctcnt>1</ptvctcnt>
            </sdtsterm>
        </ptvctinf>
    </spdoinfo>
    <eainfo>
        <detailed>
            <enttyp>
                <enttypl>StateBoundary</enttypl>
            </enttyp>
            <attr>
                <attrlabl>OBJECTID</attrlabl>
                <attrdef>Internal feature number.</attrdef>
                <attrdefs>Esri</attrdefs>
                <attrdomv>
                    
                    <udom>Sequential unique whole numbers that are automatically generated.</udom>
                    
                </attrdomv>
            </attr>
            <attr>
                <attrlabl>SHAPE</attrlabl>
                <attrdef>Feature geometry.</attrdef>
                <attrdefs>Esri</attrdefs>
                <attrdomv>
                    
                    <udom>Coordinates defining the features.</udom>
                    
                </attrdomv>
            </attr>
            <attr>
                <attrlabl>State</attrlabl>
            </attr>
            <attr>
                <attrlabl>Shape_Length</attrlabl>
                <attrdef>Length of feature in internal units.</attrdef>
                <attrdefs>Esri</attrdefs>
                <attrdomv>
                    
                    <udom>Positive real numbers that are automatically generated.</udom>
                    
                </attrdomv>
            </attr>
            <attr>
                <attrlabl>Shape_Area</attrlabl>
                <attrdef>Area of feature in internal units squared.</attrdef>
                <attrdefs>Esri</attrdefs>
                <attrdomv>
                    
                    <udom>Positive real numbers that are automatically generated.</udom>
                    
                </attrdomv>
            </attr>
        </detailed>
    </eainfo>
    <metainfo>
        <metd>20190228</metd>
        <metstdn>FGDC Content Standard for Digital Geospatial Metadata</metstdn>
        <metstdv>FGDC-STD-001-1998</metstdv>
        <mettc>local time</mettc>
    </metainfo>
</metadata>
